{
  "alphas": [
    0.0,
    0.01,
    0.02,
    0.03,
    0.04,
    0.045,
    0.05,
    0.055,
    0.06,
    0.07,
    0.08,
    0.1,
    0.12,
    0.15,
    0.2,
    0.3,
    0.5,
    0.75,
    1.0
  ],
  "pred_mean": [
    0.0,
    0.0,
    0.0,
    0.0,
    0.0,
    0.7802507717763164,
    0.8202809944157736,
    0.9858876304763897,
    0.6582362337301849,
    0.9300591297890494,
    0.9560714658194506,
    1.3636816298874075,
    0.7095658842441432,
    1.0038889889536826,
    0.17532227076317256,
    0.45017559307234717,
    0.9282421316684925,
    0.7409216408255718,
    0.6593128923095747
  ],
  "pred_std": [
    0.0,
    0.0,
    0.0,
    0.0,
    0.0,
    0.02538716563306875,
    0.34734502935450734,
    0.4551101004231458,
    0.08738620375260998,
    0.2292282054903907,
    0.1997363790986294,
    0.5133702228035572,
    0.04679534013839898,
    0.396078256558525,
    0.008563993803673689,
    0.40177865496951737,
    0.17417003171685916,
    0.20957599875655392,
    0.5576291080163577
  ],
  "pol_mean": [
    0.02914222628670228,
    0.04728524928767855,
    0.041960165644610505,
    0.09179803687603043,
    0.04037785748631556,
    0.13867646454889443,
    0.16991066413152459,
    0.1517139871283645,
    0.08353743290436856,
    0.11184785307370844,
    0.0472010993694135,
    0.14413749815990026,
    0.08883627969400353,
    0.1858555580741453,
    0.15471575995314527,
    0.22467263596185796,
    0.2610512154905224,
    0.33489159625593906,
    0.19106960704288056
  ],
  "pol_std": [
    0.005827699748242678,
    0.022655678145075207,
    0.006514612146256951,
    0.0045036856809943515,
    0.012507843978859918,
    0.037207879001979846,
    0.01806824468189036,
    0.07205650777668533,
    0.06255861220596709,
    0.05382776003536778,
    0.01186875657634833,
    0.1256828900428719,
    0.061819004233199276,
    0.09496468720369633,
    0.04940443053920984,
    0.013850884811788061,
    0.06428091551647191,
    0.02333567418711094,
    0.051974633394676
  ],
  "states_mean": [
    1.0,
    1.0,
    1.0,
    1.0,
    1.0,
    6.5,
    7.0,
    7.5,
    5.0,
    5.0,
    5.0,
    8.0,
    5.0,
    6.5,
    5.5,
    3.0,
    3.0,
    4.0,
    5.5
  ]
}