{
  "alphas": [
    0.0,
    0.1,
    0.2,
    0.30000000000000004,
    0.4,
    0.5,
    0.6000000000000001,
    0.7000000000000001,
    0.8,
    0.9,
    1.0,
    1.1,
    1.2000000000000002,
    1.3,
    1.4000000000000001,
    1.5,
    1.6,
    1.7000000000000002,
    1.8,
    1.9000000000000001,
    2.0,
    2.1,
    2.2,
    2.3000000000000003,
    2.4000000000000004,
    2.5,
    2.6,
    2.7,
    2.8000000000000003,
    2.9000000000000004,
    3.0
  ],
  "te_delta": {
    "mean": [
      0.8118694790195423,
      0.8117786021100748,
      0.8114396119848066,
      0.8115283830343435,
      0.8119634347195994,
      0.8115864681954161,
      0.8115003378236182,
      0.8116473200333185,
      0.8109601993468903,
      0.8116102676745225,
      0.811645534135023,
      0.8114655073473027,
      0.8115191835966769,
      0.8113913881992817,
      0.811458320530315,
      0.8114094188680955,
      0.8115685699073945,
      0.8116229716062792,
      0.8111827998058583,
      0.8109105498678,
      0.8112477270849366,
      0.8113804751608168,
      0.8115235822859688,
      0.8107648418017412,
      0.8117182097089973,
      0.8108118012871726,
      0.8110267000321573,
      0.8109032262189958,
      0.8115149722280179,
      0.8111337695775271,
      0.8109212511967462
    ],
    "std": [
      2.0211934780908306e-05,
      6.904701649015826e-05,
      4.001311931990124e-06,
      6.392750326720811e-05,
      4.098634101657968e-05,
      0.0003996021207658249,
      0.0003804394984181344,
      0.00010473393090305397,
      0.0003379478259031516,
      6.010780440654466e-05,
      6.098188592110926e-05,
      0.00012401797508240742,
      0.0001392260902148077,
      0.00017905809266493704,
      0.00011044019893792772,
      1.2963078680671966e-05,
      0.00015073064908915402,
      0.0002924315130599352,
      0.00035734636985911277,
      0.0002908692954726418,
      9.239878415792896e-05,
      4.089677093787154e-05,
      0.00017801179794532863,
      0.0004747078901959254,
      0.00043931690256447117,
      7.321297654843695e-05,
      0.000401777129553219,
      0.0002275194298962804,
      0.00019720188613290345,
      7.045445828871129e-06,
      0.0001549207064349482
    ]
  },
  "substrate_robustness": {
    "mean": [
      0.9999376205026783,
      0.9998363971460857,
      0.9998452289118678,
      0.9998485497950826,
      0.9995345021078839,
      0.9996124653797045,
      0.9997049720579512,
      0.9995661705622204,
      0.9995876764931204,
      0.9996738975895966,
      0.9997566349091134,
      0.9996715460415319,
      0.9998135700416892,
      0.9997541984055281,
      0.9997662322177975,
      0.9997665399495979,
      0.9997320586291873,
      0.9995451028110244,
      0.9997498972911162,
      0.9995376081121743,
      0.9996097255910421,
      0.9994550244983677,
      0.9994928802795723,
      0.9994035803896952,
      0.9996522381358997,
      0.9996691028200957,
      0.9995983909401129,
      0.9995106753152646,
      0.9996927352485564,
      0.9996482629959251,
      0.9994574681438687
    ],
    "std": [
      2.488125692047687e-05,
      6.436053384119311e-05,
      2.5293414128689688e-05,
      9.941750142733483e-06,
      4.083763284893778e-05,
      0.00018474402755995394,
      0.0001141229156166341,
      2.0080108820567294e-05,
      5.2472467950202805e-06,
      8.31071615830836e-06,
      1.0314754985542344e-05,
      6.450398584453569e-05,
      7.563449305772753e-05,
      8.117625282644604e-05,
      6.657859917845243e-05,
      3.350868113962467e-05,
      7.326354381462971e-05,
      0.0002879572786464343,
      2.493867574486387e-05,
      7.938106115016732e-05,
      9.9573121474178e-05,
      5.053916848389307e-05,
      0.00012364384265930778,
      8.42482994821489e-05,
      3.7879567820523e-05,
      0.00010924605786097708,
      9.719940429358635e-05,
      9.765709048057647e-05,
      2.6660327483275478e-05,
      6.687363408121025e-06,
      0.00011199181549475318
    ]
  },
  "polarization": [
    [
      0.074578828144248
    ],
    [
      0.11040208305439622
    ],
    [
      0.21821875074565372
    ],
    [
      0.29792727111486317
    ],
    [
      0.11885067147547608
    ],
    [
      0.2214569512122556
    ],
    [
      0.27066203205863715
    ],
    [
      0.269628226670084
    ],
    [
      0.4265925178849466
    ],
    [
      0.21608536982569668
    ],
    [
      0.19908477378637285
    ],
    [
      0.2992545052556679
    ],
    [
      0.47199750036039434
    ],
    [
      0.48376284036203715
    ],
    [
      0.35843176014185235
    ],
    [
      0.27183667028960967
    ],
    [
      0.17215602842424463
    ],
    [
      0.25321858302785427
    ],
    [
      0.3365630758346233
    ],
    [
      0.5151907663837993
    ],
    [
      0.32203830839768355
    ],
    [
      0.22273306605418583
    ],
    [
      0.3076901051506978
    ],
    [
      0.4410149390160444
    ],
    [
      0.21865901085622835
    ],
    [
      0.5531819951276378
    ],
    [
      0.41522344963996644
    ],
    [
      0.4742003980311374
    ],
    [
      0.34762014715494566
    ],
    [
      0.4397226482132514
    ],
    [
      0.4832137321052821
    ]
  ],
  "critical_point": {
    "alpha": null,
    "magnitude": -0.00018444550859642028,
    "p_value": 0.964
  },
  "analysis": {
    "verdict": "FCC_FALSIFIED",
    "critical_alpha": null,
    "p_value": 0.968,
    "effect_size": null
  }
}