{
  "alphas": [
    0.0,
    0.1,
    0.2,
    0.30000000000000004,
    0.4,
    0.5,
    0.6000000000000001,
    0.7000000000000001,
    0.8,
    0.9,
    1.0,
    1.1,
    1.2000000000000002,
    1.3,
    1.4000000000000001,
    1.5,
    1.6,
    1.7000000000000002,
    1.8,
    1.9000000000000001,
    2.0,
    2.1,
    2.2,
    2.3000000000000003,
    2.4000000000000004,
    2.5,
    2.6,
    2.7,
    2.8000000000000003,
    2.9000000000000004,
    3.0
  ],
  "pol_mean": [
    0.10837749026898842,
    0.48740910662746856,
    0.5768244098761224,
    0.46703516174590487,
    0.4860264523399753,
    0.4547236898836412,
    0.6211003629602789,
    0.6091083624949071,
    0.8689178061254021,
    0.8048533448612533,
    0.7864991363998121,
    0.9140434077092185,
    0.864111642403445,
    0.8958038885044951,
    0.7493860148955829,
    0.5141004141094279,
    0.5881458905468031,
    0.8296942843378632,
    0.8219927663316765,
    0.6514748728189594,
    0.9288840333877364,
    0.9383711002616878,
    0.8888495267779098,
    0.4806866399974314,
    0.7925431059631963,
    0.6666716494144679,
    0.8822880231800666,
    0.9730998101997196,
    0.9792342257996396,
    0.9787001475366442,
    0.9656922612837544
  ],
  "pol_std": [
    0.030452661930210255,
    0.04767843838870363,
    0.17379134487243897,
    0.23091006027246366,
    0.3193842058053238,
    0.278555637350149,
    0.19351869369974978,
    0.08276371734220274,
    0.04643107129007009,
    0.01450220252267813,
    0.09009384534437644,
    0.09082337616266677,
    0.05346957114841266,
    0.05047546114285854,
    0.1299331585606181,
    0.003892625104630265,
    0.3303201759963303,
    0.17448265144287478,
    0.19558379369084591,
    0.13950465356954042,
    0.05319411543405206,
    0.07163134125792957,
    0.06729374115403777,
    0.3123190687845693,
    0.08263559848452111,
    0.21400682465992313,
    0.1790988175647453,
    0.024091519808724694,
    0.005177982090206593,
    0.01654289355464629,
    0.030438645839362233
  ]
}