{
  "alphas": [
    0.0,
    0.1,
    0.2,
    0.30000000000000004,
    0.4,
    0.5,
    0.6000000000000001,
    0.7000000000000001,
    0.8,
    0.9,
    1.0,
    1.1,
    1.2000000000000002,
    1.3,
    1.4000000000000001,
    1.5,
    1.6,
    1.7000000000000002,
    1.8,
    1.9000000000000001,
    2.0,
    2.1,
    2.2,
    2.3000000000000003,
    2.4000000000000004,
    2.5,
    2.6,
    2.7,
    2.8000000000000003,
    2.9000000000000004,
    3.0
  ],
  "te_delta": {
    "mean": [
      0.8552171737816383,
      0.8552042713876494,
      0.8551701904447038,
      0.8552156113687698,
      0.855187461827129,
      0.8552588114063031,
      0.8551855313424047,
      0.8551120287413626,
      0.8550836122395691,
      0.8550827699624259,
      0.8550958028657913,
      0.8552805776097081,
      0.8552672433211044,
      0.8550543348641468,
      0.8549453469920145,
      0.8548527376708941,
      0.8549699837925478,
      0.8549208541383608,
      0.854874118873569,
      0.8549522370562522,
      0.855005591550699,
      0.8551654757947726,
      0.8550657737945826,
      0.8549992775641323,
      0.8550939913647628,
      0.8550533138380478,
      0.855011550755696,
      0.8548015403655096,
      0.8547827470044623,
      0.8548631305129198,
      0.8550044361068945
    ],
    "std": [
      0.0,
      3.335289367388952e-05,
      0.0,
      1.291319088067646e-05,
      2.858649252484113e-05,
      0.0,
      8.52649317977309e-05,
      0.0,
      0.0,
      5.481600286711222e-07,
      0.0,
      9.176004748389071e-05,
      0.00010288878810876618,
      0.0,
      9.248143262212699e-05,
      0.0,
      0.0,
      4.482864183710811e-05,
      0.0,
      3.065441375182543e-05,
      9.233084198319324e-05,
      0.0,
      7.455576152943335e-05,
      0.0,
      0.0,
      4.103983213635584e-05,
      0.0,
      7.537994414461888e-05,
      4.406597245792562e-05,
      0.0,
      0.00013221603782431255
    ]
  },
  "substrate_robustness": {
    "mean": [
      0.9999332998100436,
      0.9999434383005645,
      0.9999543670384818,
      0.9999407228466335,
      0.9999498283008791,
      0.9999004941933677,
      0.9998978381263985,
      0.9999145034594619,
      0.9998972185717989,
      0.9999131141941197,
      0.9999199358214759,
      0.9998228880887033,
      0.9998201410242924,
      0.9998844705543505,
      0.9998434367276647,
      0.9998149503421325,
      0.9999455748899837,
      0.9999226819188586,
      0.999902067149707,
      0.9998672048892774,
      0.9998312551074349,
      0.9997693853260706,
      0.9998533991200784,
      0.999920914746194,
      0.9999093276525148,
      0.9999251446677299,
      0.9999100645237335,
      0.9998724074765869,
      0.9998713290786577,
      0.9999335452098166,
      0.9999083720610942
    ],
    "std": [
      0.0,
      1.6793724369362463e-05,
      0.0,
      5.047314639287189e-06,
      1.7212536592016843e-05,
      0.0,
      2.3243441496027553e-05,
      0.0,
      0.0,
      5.37169201720761e-06,
      0.0,
      5.233817851081901e-05,
      3.265908813271052e-05,
      0.0,
      4.4235937456408066e-05,
      0.0,
      0.0,
      2.6038985425244904e-05,
      0.0,
      2.2174707194623172e-05,
      3.281142075069854e-05,
      0.0,
      6.797382072221105e-05,
      0.0,
      0.0,
      1.7019875078428604e-05,
      0.0,
      2.1018310707708793e-05,
      3.0645071815688245e-05,
      0.0,
      1.2987345352329096e-05
    ]
  },
  "polarization": [
    [
      0.03138004648228112
    ],
    [
      0.06469992421784258
    ],
    [
      0.08062319049260064
    ],
    [
      0.14939723289622744
    ],
    [
      0.11369741058122498
    ],
    [
      0.06831832526551075
    ],
    [
      0.12989981509873091
    ],
    [
      0.14204630730148757
    ],
    [
      0.18488644356024214
    ],
    [
      0.2157766217161356
    ],
    [
      0.2570060939295008
    ],
    [
      0.10585965405256972
    ],
    [
      0.1009282092114959
    ],
    [
      0.14328852916578588
    ],
    [
      0.21546508417131624
    ],
    [
      0.2777226611445982
    ],
    [
      0.16810745934471488
    ],
    [
      0.2552469615336318
    ],
    [
      0.3714274468709546
    ],
    [
      0.33169362595924384
    ],
    [
      0.2821201965343086
    ],
    [
      0.1089042961070307
    ],
    [
      0.20650060136516069
    ],
    [
      0.2852754383390388
    ],
    [
      0.1723834110528052
    ],
    [
      0.2349032207420137
    ],
    [
      0.3073747460845736
    ],
    [
      0.40474171113204405
    ],
    [
      0.4032981934724309
    ],
    [
      0.34610439059588455
    ],
    [
      0.2115810651832964
    ]
  ],
  "critical_point": {
    "alpha": null,
    "magnitude": -7.149542255935337e-05,
    "p_value": 0.979
  },
  "analysis": {
    "verdict": "FCC_FALSIFIED",
    "critical_alpha": null,
    "p_value": 0.978,
    "effect_size": null
  }
}