{
  "timestamp": "2026-02-19T21:51:00.547372",
  "verdict": "DISCRETIZATION_ARTIFACT",
  "conditions": {
    "B": {
      "condition": "B (Binned Pol)",
      "critical_alpha": 0.15,
      "critical_alpha_ci": null,
      "jump_magnitude": 0.03590423951859813,
      "cohens_d": 0.5577594113756522,
      "cohens_d_ci_low": 0.410077898688933,
      "cohens_d_ci_high": 0.6870063010795491,
      "p_value": 0.001,
      "alphas": [
        0.0,
        0.01,
        0.02,
        0.03,
        0.04,
        0.05,
        0.06,
        0.07,
        0.08,
        0.09,
        0.1,
        0.11,
        0.12,
        0.13,
        0.14,
        0.15,
        0.16,
        0.17,
        0.18,
        0.19,
        0.2,
        0.21,
        0.22,
        0.23,
        0.24,
        0.25,
        0.26,
        0.27,
        0.28,
        0.29,
        0.3
      ],
      "mi_mean": [
        0.0,
        0.0,
        0.0,
        0.0,
        0.0,
        0.005876822941306715,
        0.0,
        0.0,
        0.05084459963056811,
        0.0,
        0.006661431771718631,
        0.0044589573610438115,
        0.09025240870516556,
        0.0,
        0.0,
        0.04449521464850066,
        0.03590423951859813,
        0.05153252449992537,
        0.003476844028062442,
        0.0,
        0.0191030954203628,
        0.06261435412251987,
        0.027557388724684974,
        0.03577877170916187,
        0.0,
        0.0,
        0.0,
        0.14424622049334454,
        0.030315922121586847,
        0.02362359643545047,
        0.0379095989469344
      ],
      "mi_std": [
        0.0,
        0.0,
        0.0,
        0.0,
        0.0,
        0.004923060514609231,
        0.0,
        0.0,
        0.02608272927069985,
        0.0,
        0.005580333464805644,
        0.009149587450603394,
        0.046298508777520786,
        0.0,
        0.0,
        0.02282556350037196,
        0.026324437435896148,
        0.027041440760597054,
        0.004343352433331599,
        0.0,
        0.00979968117955464,
        0.07867880081813304,
        0.034627559908943416,
        0.018354122618898412,
        0.0,
        0.0,
        0.0,
        0.07399674979813671,
        0.015551739910123772,
        0.029684507084682586,
        0.01676999116538046
      ],
      "changepoints": [
        0.15
      ]
    },
    "C": {
      "condition": "C (F, Mode)",
      "critical_alpha": 0.05,
      "critical_alpha_ci": null,
      "jump_magnitude": 0.0388837937917777,
      "cohens_d": -0.814517136111409,
      "cohens_d_ci_low": -1.0452823137019998,
      "cohens_d_ci_high": -0.5843868733717232,
      "p_value": 0.001,
      "alphas": [
        0.0,
        0.01,
        0.02,
        0.03,
        0.04,
        0.05,
        0.06,
        0.07,
        0.08,
        0.09,
        0.1,
        0.11,
        0.12,
        0.13,
        0.14,
        0.15,
        0.16,
        0.17,
        0.18,
        0.19,
        0.2,
        0.21,
        0.22,
        0.23,
        0.24,
        0.25,
        0.26,
        0.27,
        0.28,
        0.29,
        0.3
      ],
      "mi_mean": [
        0.29178572313352963,
        0.24521504970715063,
        0.3342779173607548,
        0.2509110948237488,
        0.12895577790129764,
        0.1523495229430488,
        0.09007198410951994,
        0.2050188628398077,
        0.24993898760822875,
        0.22398775351226083,
        0.1521741927367508,
        0.3049564959169272,
        0.1122383655777486,
        0.25784383906770325,
        0.17411236850086378,
        0.08602472671818703,
        0.2577979963172662,
        0.07488023340802157,
        0.15624014883457787,
        0.16213815915876187,
        0.08329152741767806,
        0.1458753191851843,
        0.1583804298129718,
        0.26218347057922836,
        0.1302679765793206,
        0.15248909565265265,
        0.12561295996684266,
        0.30415261396881643,
        0.19446293416815835,
        0.061275269658510545,
        0.04483681525026429
      ],
      "mi_std": [
        0.015967847435207697,
        0.05782880818197273,
        0.09889993492268583,
        0.08235149667287751,
        0.08488835020766325,
        0.09158003639163362,
        0.018609107253235675,
        0.0004900462908821005,
        0.06943153452926559,
        0.07751079221096749,
        0.04443601335545876,
        0.05926304959669626,
        0.10056618299251302,
        0.001553558781488706,
        0.04432843387853794,
        0.020033874264551537,
        0.11012446590051296,
        0.041675440301957474,
        0.0008281104632120659,
        0.06646736964835849,
        0.04983559822987326,
        0.10221646841805664,
        0.08373191042917427,
        0.002133163041155798,
        0.020463724315654477,
        0.17259672788422667,
        0.12884490437372434,
        0.1441896219429522,
        0.0793125075136656,
        0.024290432210628553,
        0.005199717927532509
      ],
      "changepoints": [
        0.05
      ]
    },
    "D": {
      "condition": "D (F, Mode, Coh)",
      "critical_alpha": 0.15,
      "critical_alpha_ci": null,
      "jump_magnitude": 0.11851161855299089,
      "cohens_d": -0.38320924732606265,
      "cohens_d_ci_low": -0.5701607509754616,
      "cohens_d_ci_high": -0.20962942835657336,
      "p_value": 0.001,
      "alphas": [
        0.0,
        0.01,
        0.02,
        0.03,
        0.04,
        0.05,
        0.06,
        0.07,
        0.08,
        0.09,
        0.1,
        0.11,
        0.12,
        0.13,
        0.14,
        0.15,
        0.16,
        0.17,
        0.18,
        0.19,
        0.2,
        0.21,
        0.22,
        0.23,
        0.24,
        0.25,
        0.26,
        0.27,
        0.28,
        0.29,
        0.3
      ],
      "mi_mean": [
        0.29178572313352963,
        0.24521504970715063,
        0.3342779173607548,
        0.2509110948237488,
        0.12895577790129764,
        0.15401403455629878,
        0.09007198410951994,
        0.2050188628398077,
        0.3027886350714274,
        0.22398775351226083,
        0.15903897600162187,
        0.30936537101526695,
        0.21229700174428334,
        0.25784383906770325,
        0.17411236850086378,
        0.12545664238010493,
        0.2926239870538547,
        0.14126713820702141,
        0.16065302862121206,
        0.16213815915876187,
        0.097964347122271,
        0.2072779942710532,
        0.18290758645969324,
        0.2907067805953018,
        0.1302679765793206,
        0.15248909565265265,
        0.12562108267030786,
        0.4250084012339096,
        0.24456451933948647,
        0.07830139975914906,
        0.08198951733305467
      ],
      "mi_std": [
        0.015967847435207697,
        0.05782880818197273,
        0.09889993492268583,
        0.08235149667287751,
        0.08488835020766325,
        0.09297441078084695,
        0.018609107253235675,
        0.0004900462908821005,
        0.04232023742297864,
        0.07751079221096749,
        0.038685330755325424,
        0.050216228780808454,
        0.049237185669498355,
        0.001553558781488706,
        0.04432843387853794,
        0.00019427166063611204,
        0.08072547989297577,
        0.002461512477709157,
        0.004716945373147376,
        0.06646736964835849,
        0.04230860053939284,
        0.02506021710021269,
        0.0529120241668885,
        0.012498986261996716,
        0.020463724315654477,
        0.17259672788422667,
        0.12885511105200126,
        0.20618733267204936,
        0.10501407840913221,
        0.04568481561783452,
        0.016771560179358967
      ],
      "changepoints": [
        0.15
      ]
    }
  },