{
  "alphas": [
    0.0,
    0.1,
    0.2,
    0.30000000000000004,
    0.4,
    0.5,
    0.6000000000000001,
    0.7000000000000001,
    0.8,
    0.9,
    1.0,
    1.1,
    1.2000000000000002,
    1.3,
    1.4000000000000001,
    1.5,
    1.6,
    1.7000000000000002,
    1.8,
    1.9000000000000001,
    2.0,
    2.1,
    2.2,
    2.3000000000000003,
    2.4000000000000004,
    2.5,
    2.6,
    2.7,
    2.8000000000000003,
    2.9000000000000004,
    3.0
  ],
  "te_delta": {
    "mean": [
      0.8119372221063959,
      0.8115114951964211,
      0.8115368563839077,
      0.8114482613517728,
      0.8117469836778646,
      0.8116161483942138,
      0.8112696548095437,
      0.8114931488024799,
      0.8110901948169369,
      0.811525570702441,
      0.8113529872133034,
      0.8114716779233522,
      0.8114477690637513,
      0.8115602313363794,
      0.8110255617736835,
      0.8114199644994441,
      0.8115579627939249,
      0.810839058282748,
      0.8116609755983326,
      0.8116118229129757,
      0.8114126022142536,
      0.8113617349815149,
      0.8112236378382616,
      0.8111410448533831,
      0.8109001852006168,
      0.8111529128201127,
      0.8112953286313944,
      0.811455328273024,
      0.8110212633403016,
      0.8114966614677368,
      0.8114543301242252
    ],
    "std": [
      7.898975952946951e-05,
      0.0001700563509491704,
      0.00022945235829101168,
      0.00012471963637076484,
      0.00017645778192799624,
      0.0001680057595290656,
      0.00010906985849246473,
      0.00013691562677051278,
      0.00030931603158802095,
      0.00019429144195257068,
      0.00020045484981932464,
      1.275569620849675e-05,
      0.0003579432037599359,
      0.00014191366696882402,
      0.0003607177764801382,
      0.0005682763476691403,
      0.00037279319300754317,
      0.000157827150481179,
      7.700360081627737e-05,
      0.00025761361506733735,
      0.00020498121509442282,
      0.00024384737969145061,
      0.00010702921507966983,
      0.00021495078657072315,
      0.0004615620768856669,
      0.0003613649383002742,
      0.000329841675867167,
      0.00019123171398617765,
      0.00018328437851363138,
      0.00037123157368444156,
      7.026661105635751e-05
    ]
  },
  "substrate_robustness": {
    "mean": [
      0.9998701205888688,
      0.999753586228748,
      0.9997361459297993,
      0.9997912934177371,
      0.9997664195766418,
      0.9996267838960119,
      0.9997089067946312,
      0.9996383891571478,
      0.9997441998411324,
      0.9996948630832451,
      0.9997111138622579,
      0.9997313834731205,
      0.9996734909331664,
      0.9995064299807236,
      0.9996779845798871,
      0.9994989502571103,
      0.9995103242609966,
      0.9995868446802681,
      0.9996104734984461,
      0.9997585587221792,
      0.9996611338501621,
      0.9997089264227013,
      0.9996626212242645,
      0.9995718913875871,
      0.9995366257707943,
      0.9994908544702558,
      0.9996284395059941,
      0.999759121471216,
      0.9995208357294457,
      0.9996155121868794,
      0.9995857936286765
    ],
    "std": [
      8.163930446505017e-05,
      6.726764259045375e-05,
      0.00011714719734933122,
      0.00012967775664406037,
      0.00015419837920775987,
      0.00012026091645995314,
      0.00012747700254976864,
      0.00010655248441544103,
      8.172858844827612e-05,
      0.00016427986590174118,
      0.00015084812501294786,
      0.00010446750662289429,
      5.3722729361116836e-05,
      0.00024953798802032466,
      7.202114161036214e-05,
      0.00019361649552141093,
      0.00018434182823413747,
      6.265456151946885e-05,
      6.911700634383242e-05,
      7.061250629682966e-05,
      5.071999086416278e-05,
      4.786761121635744e-05,
      0.00014598226546043183,
      0.00018046562450187286,
      9.037779786980738e-05,
      2.871625599318964e-05,
      8.167071872516338e-05,
      5.8268027335458236e-05,
      4.848724169541853e-05,
      3.301880479249686e-06,
      0.00018430335531301805
    ]
  },
  "polarization": [
    [
      0.044018286220655053
    ],
    [
      0.13073451361925378
    ],
    [
      0.15815280979128876
    ],
    [
      0.25097541258780137
    ],
    [
      0.2000835381164555
    ],
    [
      0.2061439987848895
    ],
    [
      0.3623101681494093
    ],
    [
      0.2577652976400372
    ],
    [
      0.44646468562945857
    ],
    [
      0.38258755828561547
    ],
    [
      0.214546060846574
    ],
    [
      0.3246904434716506
    ],
    [
      0.36775623422508685
    ],
    [
      0.32600293947342507
    ],
    [
      0.47207113373525056
    ],
    [
      0.22467077147279305
    ],
    [
      0.2739648560728691
    ],
    [
      0.4533777146269882
    ],
    [
      0.23171721042073762
    ],
    [
      0.2137770297803511
    ],
    [
      0.42147065796606037
    ],
    [
      0.36195449753947695
    ],
    [
      0.3319183858797543
    ],
    [
      0.42853127363897003
    ],
    [
      0.4868971484926572
    ],
    [
      0.4616769187836004
    ],
    [
      0.2872087457494755
    ],
    [
      0.3675959404006163
    ],
    [
      0.44605816262961184
    ],
    [
      0.39020169435422697
    ],
    [
      0.3202872851761758
    ]
  ],
  "critical_point": {
    "alpha": null,
    "magnitude": 0.00012029964701765206,
    "p_value": 0.999
  },
  "analysis": {
    "verdict": "FCC_FALSIFIED",
    "critical_alpha": null,
    "p_value": 1.0,
    "effect_size": null
  }
}